{
  "cam_K": [
    386.3222961425781,
    0.0,
    326.4881591796875,
    0.0,
    385.8354187011719,
    241.0550537109375,
    0.0,
    0.0,
    1.0
  ],
  "depth_scale": 0.0010000000474974513,
  "width": 640,
  "height": 480,
  "gravity": [
    0.06019387490061288,
    -0.7526016951582647,
    -0.6557189839171622
  ]
}