{
  "cam_K": [
    386.1120910644531,
    0.0,
    326.4881591796875,
    0.0,
    385.6254577636719,
    241.0550537109375,
    0.0,
    0.0,
    1.0
  ],
  "depth_scale": 0.0010000000474974513,
  "width": 640,
  "height": 480,
  "gravity": [
    0.06975078781328717,
    -0.8570445490953625,
    -0.5104992345394387
  ]
}